양병현,HazardAdams
양병현,HazardAdams
양병현,RolandBarthes
양병현,RolandBarthes
양병현,RolandBarthes
양병현,RolandBarthes
양병현,RonaldCarter
양병현,NoamChomsky
양병현,MorrisCroll
양병현,JonathanCuller
양병현,PauldeMan
양병현,PauldeMan
양병현,FerdinanddeSaussure
양병현,Demitrius
양병현,LubomirDolezel
양병현,ErnestHemingway
양병현,RomanJakobson
양병현,RomanJakobson
양병현,BarbaraJohnson
양병현,JacquesLacan
양병현,LeeLemon
양병현,ClaudeLeviStrauss
양병현,DavidLodge
양병현,JMiller
양병현,LeslieMiller
양병현,ChristopherNorris
양병현,MarkPoster
양병현,VladmirPropp
양병현,RobertScholes
양병현,TSpencer
양병현,RameshSrivastava
양병현,TzvetanTodorov
양병현,PatriciaWaugh
양병현,HaydenWhite
김병옥,FerdinandFellmann
김병옥,EdmundHusserl
김병옥,EdmundHusserl
김병옥,EdmundHusserl
김병옥,RomanIngarden
김병옥,RomanIngarden
김병옥,FritzKaufmann
김병옥,RichardKearney
김병옥,LudwigLandgrebe
김병옥,RudolfMaier
김병옥,MauriceMerleauPonty
김병옥,ThomasMetscher
김병옥,EdoPivcevic
김병옥,RainerRilke
김병옥,BertrandRussell
김병옥,AlfredSchutz
김병옥,PierreThevenaz
김병옥,AnnaTeresaTymieniecka
김병옥,WilhelmEmrich
김병옥,사토시츠카고시
이상섭,ThomasDeQuincey
이상섭,JohnRuskin
이상섭,JohnRuskin
이상섭,JohnRuskin
이상섭,JohnRuskin
이상섭,GeorgeLewes
이상섭,GeorgeLewes
이상섭,GeorgeLewes
이상섭,GeorgeLewes
이상섭,GeorgeLewes
이상섭,GeorgeLewes
이상섭,WalterBagehot
이상섭,MatthewArnold
이상섭,MatthewArnold
이상섭,MatthewArnold
이상섭,MatthewArnold
이상섭,MatthewArnold
이상섭,MatthewArnold
이상섭,ThomasCarlyle
이상섭,ThomasCarlyle
이상섭,ThomasCarlyle
이상섭,ThomasCarlyle
박찬부,박찬부
박찬부,MaxBlack
박찬부,PeterBrooks
박찬부,PeterBrooks
박찬부,TerenceCave
박찬부,ShoshanaFelman
박찬부,ShoshanaFelman
박찬부,SigmundFreud
박찬부,SigmundFreud
박찬부,AndreGreen
박찬부,SimonLesser
박찬부,LisMoller
박찬부,MurraySchwartz
박찬부,DonaldSpence
박찬부,DonaldSpence
박찬부,StephenToulmin
박찬부,LionelTrilling
박찬부,DonaldWinnicott
김영민,김영민
김영민,RonaldBruzina
김영민,JacquesDerrida
김영민,MartinHeidegger
김영민,MartinHeidegger
김영민,MartinHeidegger
김영민,MartinHeidegger
김영민,MartinHeidegger
김영민,JosephKockelmans
김영민,JosephKockelmans
김영민,ThomasMcLaughlin
김영민,WilliamRichardson
김영민,PaulRicoeur
김영민,PaulRicoeur
김영민,GeorgeSefler
이정호,MAbrams
이정호,MAbrams
이정호,HaroldBloom
이정호,PeterBurger
이정호,SamuelColeridge
이정호,PauldeMan
이정호,PauldeMan
이정호,TEliot
이정호,TEliot
이정호,FredricJameson
이정호,GregoryJay
이정호,RuthNevo
이정호,CraigOwens
이정호,ChristopherRicks
이정호,JohnRiquelme
이정호,GeorgeSampson
이정호,BernardSharratt
어도선,김성도
어도선,MarkBracher
어도선,MarkBracher
어도선,SigmundFreud
어도선,SigmundFreud
어도선,JacquesLacan
어도선,JacquesLacan
어도선,JacquesLacan
어도선,JacquesLacan
어도선,JacquesLacan
어도선,JonathanLee
어도선,ArthurReber
어도선,RobertSamuels
어도선,SlavojZizek
정문영,ShoshanaFelman
정문영,ElizabethGrosz
정문영,JacquesLacan
정문영,JacquesLacan
정문영,JacquesLacan
정문영,JacquesLacan
정문영,JacquesLacan
정문영,JLaplanche
정문영,AnikaLemaire
정문영,JohnMuller
정문영,JohnMuller
정문영,EllieRaglandSullivan
정문영,StuartSchneiderman
정문영,RamanSelden
정문영,MeredithSkura
정문영,ElizabethWright
정문영,권택영
정문영,박찬부
정문영,이진경
김영희,김성곤
김영희,김영희
김영희,이명호
김영희,LindaAlcoff
김영희,AlisonAssiter
김영희,MicheleBarrett
김영희,MicheleBarrett
김영희,AntonyEasthope
김영희,MaryEllmann
김영희,MargaretFerguson
김영희,LaurieFinke
김영희,LaurieFinke
김영희,SandraHarding
김영희,SandraHarding
김영희,SandraHarding
김영희,MarciaHolly
김영희,FredricJameson
김영희,KateMillett
김영희,EllenMoers
김영희,TorilMoi
김영희,JudithNewton
김영희,LindaNicholson
김영희,LillianRobinson
김영희,DorinSchumacher
김영희,ElaineShowalter
김영희,ElaineShowalter
김영희,PatriciaSpacks
김영희,ImmanuelWallerstein
김영희,ImmanuelWallerstein
김영희,ChrisWeedon
이상란,리우샤오간
이상란,MaxKaltenmark
이상란,박동환
이상란,오오하마아끼다
이상란,PauldeMan
이상란,JohonFinch
이상란,StephenGill
이상란,AlanGlob
이상란,GeoffreyHartman
이상란,JohnHodgson
이상란,KennethJohnston
이상란,JohnJones
이상란,GrahamParkes
이상란,DavidPerkins
이상란,JohnRudy
이상란,ChristopherSalvesen
이상란,JonathanWordsworth
이상란,JonathanWordsworth
이상란,JonathanWordsworth
김철수,PaulAlpers
김철수,DavidDaiches
김철수,TerryEagleton
김철수,AHamilton
김철수,AnnJones
김철수,DavidKalstone
김철수,JLever
김철수,CLewis
김철수,RichardMacCoy
김철수,WilliamRingler
김철수,AlanSinfield
김철수,GaryWaller
김준환,MAbrams
김준환,HerbertAgar
김준환,PaulBove
김준환,JewelBrooker
김준환,CleanthBrooks
김준환,CleanthBrooks
김준환,CleanthBrooks
김준환,CleanthBrooks
김준환,CleanthBrooks
김준환,CleanthBrooks
김준환,CleanthBrooks
김준환,CleanthBrooks
김준환,CleanthBrooks
김준환,DonaldDavidson
김준환,JohnDuvall
김준환,TerryEagleton
김준환,TEliot
김준환,TEliot
김준환,TEliot
김준환,LaszloGefin
김준환,GeraldGraff
김준환,GeraldGraff
김준환,JohnGuillory
김준환,FrankLentricchia
김준환,DavidMurray
김준환,CharlesOlson
김준환,RoyPearce
김준환,MarjoriePerloff
김준환,RussellReising
김준환,LewisSimpson
김준환,GrantWebster
김준환,EdmundWilson
김준환,WilliamWimsatt
김준환,WilliamWimsatt
김영민,JAustin
김영민,JeanBaudrillard
김영민,DavidCarr
김영민,RichardCobbStevens
김영민,PauldeMan
김영민,JacquesDerrida
김영민,HansGeorgGadamer
김영민,HansGeorgGadamer
김영민,JurgenHabermas
김영민,IhabHassan
김영민,EdmundHusserl
김영민,LindaHutcheon
김영민,LindaHutcheon
김영민,LindaHutcheon
김영민,RomanJakobson
김영민,FredricJameson
김영민,CharlesJencks
김영민,CharlesJencks
김영민,AnthonyJohnson
김영민,김영민
김영민,김영민
김영민,김영민
김영민,JacquesLacan
김영민,FrancoisLyotard
김영민,BrianMcHale
김영민,ThomasMcLaughlin
김영민,FriedrichNietzsche
김영민,PaulRicoeur
조규형,TheodorAdorno
조규형,TheodorAdorno
조규형,LouisAlthusser
조규형,BenedictAnderson
조규형,ArjunAppadurai
조규형,LisaAppignanesi
조규형,CarolBecker
조규형,HomiBhabha
조규형,HomiBhabha
조규형,PaulBrass
조규형,TimothyBrennan
조규형,WalkerConnor
조규형,JacquesDerrida
조규형,JacquesDerrida
조규형,TerryEagleton
조규형,FrederickEngels
조규형,SigmundFreud
조규형,VictoriaGlendinning
조규형,FyotirindraDas
조규형,PranayGupte
조규형,IanHamilton
조규형,DonnaHaraway
조규형,JamesHarrison
조규형,FredricJameson
조규형,BruceKing
조규형,JacquesLacan
조규형,GeorgLukacs
조규형,AnneMcClintock
조규형,HerbertMarcuse
조규형,AndrewParker
조규형,SalmanRushdie
조규형,SalmanRushdie
조규형,SalmanRushdie
조규형,SalmanRushdie
조규형,SalmanRushdie
조규형,SalmanRushdie
조규형,EdwardSaid
조규형,EdwardSaid
조규형,SandhyaShetty
조규형,EdwardSoja
조규형,GayatriSpivak
조규형,GayatriSpivak
조규형,GayatriSpivak
조규형,RobertStern
조규형,SaraSuleri
조규형,WWeatherby
조규형,StanleyWolpert
김용규,RichardAczel
김용규,PerryAnderson
김용규,TonyBennett
김용규,BernardBergonzi
김용규,StevenConnor
김용규,PauldeMan
김용규,JacquesDerrida
김용규,TerryEagleton
김용규,TerryEagleton
김용규,TerryEagleton
김용규,TerryEagleton
김용규,TerryEagleton
김용규,TerryEagleton
김용규,TerryEagleton
김용규,TerryEagleton
김용규,TEliot
김용규,PeterHohendahl
김용규,JamesKavanagh
김용규,FLeavis
김용규,AndrewMartin
김용규,BryanPalmer
김용규,EThompson
김경한,RusselAmes
김경한,RolandBainton
김경한,BrendanBradshaw
김경한,DouglasBush
김경한,WCampbell
김경한,FritzCaspari
김경한,FCross
김경한,MariaDowling
김경한,ThomasElyot
김경한,ArthurFerguson
김경한,MichelFoucault
김경한,AlistairFox
김경한,AlistairFox
김경한,StephenGreenblatt
김경한,JohnGuy
김경한,JohnGuy
김경한,JHexter
김경한,FredricJameson
김경한,KarlKautsky
김경한,GeorgeLogan
김경한,RichardMarius
김경한,AlisterMcGrath
김경한,ThomasMore
김경한,ThomasMore
김경한,ThomasMore
김경한,JohnMorrill
김경한,DavidNorbrook
김경한,RainerPineas
김경한,EugeneRice
김경한,ThomasSchlereth
김경한,QuentinSkinner
김경한,LewisSpitz
김경한,EdwardSurtz
김경한,EdwardSurtz
김경한,WilliamTyndale
김환희,김병익
김환희,김치홍
김환희,김태준
김환희,성현경
김환희,송현호
김환희,염무웅
김환희,이재선
김환희,조동일
김환희,조윤제
김환희,주종연
김환희,황패강
김환희,MikhailBakhtin
김환희,WayneBooth
김환희,RolandBournef
김환희,BorisEjxenbaum
김환희,NorthropFrye
김환희,ReneGodenne
김환희,WallaceMartin
김환희,CharlesMay
김환희,CharlesMay
김환희,SachaRabinovitch
김환희,MichelRaimond
김환희,MartheRobert
김환희,AndrewRoberts
김환희,RobertScholes
김환희,LohaferSusan
김환희,MartinSwales
김환희,IanWatt
박상기,HomiBhabha
박상기,FrantzFanon
박상기,MichelFoucault
박상기,SigmundFreud
박상기,AbdulJanMohamed
박상기,JacquesLacan
박상기,JacquesLacan
박상기,JLaplanche
박상기,TMacaulay
박상기,KarlMarx
박상기,JohnMill
박상기,JStephen
이승렬,LouisAlthusser
이승렬,EtienneBalibar
이승렬,AntonioGramsci
이승렬,NeilLazarus
이승렬,KarlMarx
이승렬,BenitaParry
이승렬,SandyPetrey
이승렬,NicosPoulantzas
이승렬,GayatriSpivak
이승렬,GayatriSpivak
이승렬,GayatriSpivak
박주식,MAbrams
박주식,MAbrams
박주식,MauriceBlanchot
박주식,CleanthBrooks
박주식,PauldeMan
박주식,PauldeMan
박주식,PauldeMan
박주식,PauldeMan
박주식,PauldeMan
박주식,PauldeMan
박주식,PauldeMan
박주식,TerryEagleton
박주식,TerryEagleton
박주식,TEliot
박주식,GeoffreyHartman
박주식,GeoffreyHartman
박주식,GHegel
박주식,MartinHeidegger
박주식,MartinHeidegger
박주식,FredrickHillis
박주식,EdmundHusserl
박주식,JeanHyppolite
박주식,GregoryJay
박주식,FrankKermode
박주식,AlexandreKojeve
박주식,FrankLentricchia
박주식,TilottamaRajan
박주식,JeanPaulSartre
박주식,JeanPaulSartre
박주식,AllanStoekl
박주식,WWimsatt
김종갑,Aristotle
김종갑,RichardBeardsworth
김종갑,ThomasBrickhouse
김종갑,RobertColpleston
김종갑,JonathanCuller
김종갑,PauldeMan
김종갑,PauldeMan
김종갑,JacquesDerrida
김종갑,JacquesDerrida
김종갑,JuliusElias
김종갑,MichaelErler
김종갑,RudolphGasche
김종갑,HansGeorgGadamer
김종갑,VictorGoldschmidt
김종갑,WGuthrie
김종갑,ErichHeitel
김종갑,TIrwin
김종갑,ImmanuelKant
김종갑,ConstanceMeinwald
김종갑,JurgenMittelstrass
김종갑,JonMoline
김종갑,ChristopherNorris
김종갑,Plato
김종갑,JohnRandall
김종갑,Robinson
김종갑,JacquesTaminiaux
김종갑,HenryTeloh
김종갑,GregoryVlastos
김철수,LouisAlthusser
김철수,LouisAlthusser
김철수,JacquesDerrida
김철수,TerryEagleton
김철수,JonathanGoldberg
김철수,JonathanGoldberg
김철수,StephenGreenblatt
김철수,GuyLytle
김철수,CLewis
김철수,PierreMacherey
김철수,PierreMacherey
김철수,StephenMay
김철수,GeorgePuttenham
김철수,EdwardSaid
김철수,AlanSinfield
김철수,ErnestSelincourt
김철수,RoyStrong
김철수,RoyStrong
김철수,RaymondWilliams
김철수,RaymondWilliams
김철수,YvorWinters
이일환,DavidBordwell
이일환,RudolfArnheim
이일환,ArnoldHauser
이일환,TheodorAdorno
이일환,JAndrew
이일환,RoyArmes
이일환,RoyArmes
이일환,RudolfArnheim
이일환,AndreBazin
이일환,GeorgeBluestone
이일환,WayneBooth
이일환,EleanorCoppola
이일환,RCrane
이일환,TonyCrawley
이일환,AnthonyDavies
이일환,SergeiEisenstein
이일환,JosephFrank
이일환,StephenHeath
이일환,FredricJameson
이일환,WilliamJohnson
이일환,WilliamJohnson
이일환,MarshaKinder
이일환,SiegfriedKracauer
이일환,SusanneLanger
이일환,BarbaraLeaming
이일환,ErnestLindgren
이일환,HerbertMarcuse
이일환,PatrickMcGee
이일환,BrianNeve
이일환,DonRadovich
이일환,ThomasSchatz
이일환,RalphStephenson
이일환,RaymondWilliams
심경석,GilbertAdair
심경석,MiltonBates
심경석,PaulBohannan
심경석,RobertBourdette
심경석,JosephCampbell
심경석,JosephCampbell
심경석,RichardChase
심경석,MichaelCimino
심경석,RobertEberwein
심경석,EmoryElliot
심경석,JamesFrazer
심경석,JohnHellmann
심경석,JudyKinney
심경석,DLawrence
심경석,ArthusLubow
심경석,HaroldSchechter
심경석,RichardSlotokin
김욱동,ChinuaAchebe
김욱동,KwameAppiah
김욱동,BillAshcroft
김욱동,BillAshcroft
김욱동,BarbaraChristian
김욱동,FrantzFanon
김욱동,AnneMcClintock
김욱동,VijayMishra
김욱동,WMitchell
김욱동,NgugiwaThiongo
박영원,RuthRoberts
박영원,MatthewArnold
박영원,MatthewArnold
박영원,MatthewArnold
박영원,LeoBersani
박영원,WayneBooth
박영원,VincentBuckley
박영원,DavidDaiches
박영원,RobertDavis
박영원,TEliot
박영원,TEliot
박영원,TEliot
박영원,CLewis
박영원,JamesLivingston
박영원,AlexPreminger
박영원,WynneDavies
어도선,TimothyAustin
어도선,CBarefoot
어도선,GormanBeauchamp
어도선,EConran
어도선,JaredCurtis
어도선,StephenGill
어도선,GaryHarrison
어도선,GeoffreyHartman
어도선,WilliamHoward
어도선,LindaKelly
어도선,TheresaKelly
어도선,StevenKnapp
어도선,GrevelLindop
어도선,PeterManning
어도선,BradfordMudge
어도선,MarkhamPeacock
어도선,EugeneStelzig
어도선,DouglasWilson
어도선,WilliamWordsworth
어도선,WilliamWordsworth
최석무,BillAshcroft
최석무,HeleneCixous
최석무,TerryEagleton
최석무,RichardEllmann
최석무,DonGifford
최석무,JamesJoyce
최석무,JamesJoyce
최석무,DeclanKiberd
최석무,StandishOGrady
최석무,LPlatt
최석무,EdwardSaid
최석무,GayatriSpivak
고부응,LouisAlthusser
고부응,EtienneBalibar
고부응,TonyBennett
고부응,HomiBhabha
고부응,HomiBhabha
고부응,HomiBhabha
고부응,FrantzFanon
고부응,MichelFoucault
고부응,MichelFoucault
고부응,MichelFoucault
고부응,FredricJameson
고부응,AbdulJanMohamed
고부응,ErnestoLaclau
고부응,PierreMacherey
고부응,EdwardSaid
고부응,EdwardSaid
고부응,EdwardSaid
고부응,JennySharpe
고부응,GayatriSpivak
고부응,GayatriSpivak
고부응,GayatriSpivak
고부응,GauriViswanathan
고부응,RobertYoung
송창섭,LouisAlthusser
송창섭,CatherineBelsey
송창섭,JacquesDerrida
송창섭,JonathanDollimore
송창섭,JonathanDollimore
송창섭,JonathanDollimore
송창섭,MichelFoucault
송창섭,StephenGreenblatt
송창섭,JHoward
송창섭,JeanLyotard
송창섭,LouisMontrose
송창섭,DonWayne
송창섭,RobertWeimann
송창섭,RobertWeimann
신명아,CharlesBernheimer
신명아,SigmundFreud
신명아,SigmundFreud
신명아,SigmundFreud
신명아,SigmundFreud
신명아,SigmundFreud
신명아,SigmundFreud
신명아,JacquesLacan
신명아,JacquesLacan
신명아,JacquesLacan
신명아,LauraMulvey
신명아,LindaWilliams
신명아,JeanBaudrillard
신명아,JeanBaudrillard
신명아,AndreaDworkin
신명아,CatharineMacKinnon
신명아,서동진
신명아,신명아
신명아,JeffreyWeeks
신명아,MichelFoucault
신명아,LynnHunt
신경원,강영안
신경원,RolandBarthes
신경원,SimonedeBeauvoir
신경원,CatherineBelsey
신경원,DylanEvans
신경원,BruceFink
신경원,ShulamithFirestone
신경원,SigmundFreud
신경원,SigmundFreud
신경원,JaneGallop
신경원,GermaineGreer
신경원,ElizabethGrosz
신경원,LuceIrigaray
신경원,LuceIrigaray
신경원,JuliaKristeva
신경원,JacquesLacan
신경원,JacquesLacan
신경원,JacquesLacan
신경원,ElaineMarks
신경원,KateMillett
신경원,FriedrichNietzsche
신경원,Plato
신경원,JacquelineRose
신경원,JackieStacey
김환희,Aristotle
김환희,MichelRaimond
김환희,Plato
김환희,JamesJoyce
김환희,JeanPaulSartre
김환희,RolandBarthes
김환희,WayneBooth
김환희,CharlesCarlut
김환희,GustaveFlaubert
김환희,GustaveFlaubert
김환희,GerardGenette
김환희,GerardGenette
김환희,GerardGenette
김환희,GerardGenette
김환희,JamesJoyce
김환희,SusanLanser
김환희,WallaceMartin
김환희,Plato
김환희,GeraldPrince
김환희,MichelRaimond
김환희,ShlomithRimmonKenan
김환희,FrancisSteegmuller
김환희,JeanPaulSartre
김환희,JeanPaulSartre
김환희,PhilipStevick
김환희,PatriciaWaugh
김종갑,FriedrichNietzsche
김종갑,AlexanderNehamas
김종갑,RolandBarthes
김종갑,RolandBarthes
김종갑,MonroeBeardsley
김종갑,EdmundBurke
김종갑,ArthurDanto
김종갑,PauldeMan
김종갑,TerryEagleton
김종갑,FrancesFerguson
김종갑,StephenGill
김종갑,SuzanneGuerlac
김종갑,GeoffreyHartman
김종갑,GHegel
김종갑,MartinHeidegger
김종갑,VictorHugo
김종갑,ImmanuelKant
김종갑,Longinus
김종갑,AnneMellor
김종갑,FriedrichNietzsche
김종갑,FriedrichNietzsche
김종갑,MarjorieNicolson
김종갑,Pascal
김종갑,RonaldPaulson
김종갑,Plato
김종갑,StephenRegan
김종갑,OliverSacks
김종갑,ThomasWeiskel
김종갑,AlbertWlecke
정문영,HeleneCixous
정문영,HeleneCixous
정문영,HeleneCixous
정문영,HeleneCixous
정문영,HeleneCixous
정문영,HeleneCixous
정문영,HeleneCixous
정문영,HeleneCixous
정문영,HeleneCixous
정문영,HeleneCixous
정문영,HeleneCixous
정문영,DianeCrowder
정문영,VerenaConley
정문영,VerenaConley
정문영,RobertDavis
정문영,ClaudineFisher
정문영,AliceJardine
정문영,AnnJones
정문영,RosetteLamont
정문영,JeannetteSavona
정문영,SusanSuleiman
정문영,ElizabethWright
김욱동,Aristotle
김욱동,NoamChomsky
김욱동,EmilyDickinson
김욱동,TEliot
김욱동,HGrice
김욱동,GeorgeLakoff
김욱동,GeorgeLakoff
김욱동,RonaldLangacker
김욱동,JohnLocke
김욱동,PaulPostal
김욱동,JohnSearle
김욱동,DanSperber
김진나,백낙청
김진나,장경렬
김진나,조동일
김진나,LouisAlthusser
김진나,MatthewArnold
김진나,ChrisBaldick
김진나,PeterBarry
김진나,CatherineBelsey
김진나,AllanBloom
김진나,PatrickBrantlinger
김진나,PauldeMan
김진나,PauldeMan
김진나,BrianDoyle
김진나,BrianDoyle
김진나,TerryEagleton
김진나,GeraldGraff
김진나,MartinHeidegger
김진나,EHirsch
김진나,MartinJay
김진나,MartinJay
김진나,ChrisJenks
김진나,VictoriaKahn
김진나,PeterLevine
김진나,JeanFrancoisLyotard
김진나,AllanMegill
김진나,GiovanniMirandola
김진나,AlexanderPope
김진나,EllieRaglandSullivan
김진나,JeanPaulSartre
김진나,FerdinanddeSaussure
김진나,RaymondWilliams
이만식,김구
이만식,김진석
이만식,ThomasKuhn
이만식,HilaryPutnam
이만식,BillAshcroft
이만식,RichardBeardsworth
이만식,JohnCairns
이만식,JonathanCuller
이만식,PauldeMan
이만식,TerryEagleton
이만식,StephenGreenblatt
이만식,IhabHassan
이만식,FredricJameson
이만식,AlanLiu
이만식,LouisMontrose
추재욱,JeanBaudrillard
추재욱,GillesDeleuze
추재욱,JacquesDerrida
추재욱,JacquesDerrida
추재욱,SigmundFreud
추재욱,JacquesLacan
추재욱,JacquesLacan
추재욱,JacquesLacan
추재욱,WilliamShakespeare
추재욱,LouisAlthusser
추재욱,MadanSarup
추재욱,박찬부
추재욱,서동욱
추재욱,신명아
추재욱,AntoninArtaud
추재욱,JacquesLacan
추재욱,정문영
박종성,TerenceBareham
박종성,TonyBareham
박종성,RonaldBinns
박종성,RichardCross
박종성,NadineGordimer
박종성,SherrillGrace
박종성,IrvingHowe
박종성,MalcolmLowry
박종성,MalcolmLowry
박종성,JeffreyMeyers
박종성,JohnOrr
박종성,박종성
박종성,JStern
박종성,RonaldWalker
박종성,GeorgeWoodcock
양석원,HannahArendt
양석원,TimothyBahti
양석원,WalterBenjamin
양석원,WalterBenjamin
양석원,WalterBenjamin
양석원,WalterBenjamin
양석원,WalterBenjamin
양석원,WalterBenjamin
양석원,WalterBenjamin
양석원,WalterBenjamin
양석원,WalterBenjamin
양석원,WalterBenjamin
양석원,WalterBenjamin
양석원,WalterBenjamin
양석원,SusanBuckMorss
양석원,PauldeMan
양석원,RodolpheGasche
양석원,CarolJacobs
양석원,MichaelJennings
양석원,MichaelJennings
양석원,GeorgeSteiner
양석원,RolfTiedemann
양석원,SamuelWeber
양석원,ReneWellek
양석원,ReneWellek
양석원,RichardWolin
최석무,WAshcroft
최석무,MikhailBakhtin
최석무,RichardEllmann
최석무,DonGifford
최석무,RonaldHyam
최석무,ElinHywel
최석무,CInnes
최석무,JamesJoyce
최석무,JamesJoyce
최석무,JamesJoyce
최석무,DenizKandiyoti
최석무,RichardKearney
최석무,JLee
최석무,AnneMcClintock
최석무,BethMcKillen
최석무,JaneMiller
최석무,TorilMoi
최석무,CatherineNash
최석무,RRadhakrishnan
최석무,BrianShaffer
최석무,CarolShloss
최석무,GayatriSpivak
박찬부,박찬부
박찬부,박찬부
박찬부,DavidArchard
박찬부,RichardBoothby
박찬부,JoelDor
박찬부,BruceFink
박찬부,SigmundFreud
박찬부,FredricJameson
박찬부,JacquesLacan
박찬부,JacquesLacan
박찬부,JacquesLacan
박찬부,JacquesLacan
박찬부,JacquesLacan
박찬부,JacquesLacan
박찬부,JacquesLacan
박찬부,JacquesLacan
박찬부,PhilippeLacoueLabarthe
박찬부,JLaplanche
박찬부,JacquesAlainMiller
박찬부,FerdinanddeSaussure
장시기,김영희
장시기,김진나
장시기,이석구
장시기,임종욱
장시기,조동일
장시기,LawrenceCahoone
장시기,GillesDeleuze
장시기,GillesDeleuze
장시기,GillesDeleuze
장시기,JacquesDerrida
장시기,AndrewGamble
장시기,JacquesLacan
장시기,DLawrence
장시기,TorilMoi
박경일,고목
박경일,김상일
박경일,나가르주나
박경일,도법
박경일,문창옥
박경일,FranklinBaumer
박경일,KarlJaspers
박경일,유연주
박경일,이도업
박경일,이완기
박경일,정정호
박경일,최종덕
박경일,JonathanCuller
박경일,AlfredWhitehead
박경일,AlfredWhitehead
박경일,AlfredWhitehead
박경일,MaudBodkin
박경일,VincentColapietro
박경일,RCollingwood
박경일,EdwardConze
박경일,HaroldCoward
박경일,JacquesDerrida
박경일,JacquesDerrida
박경일,JacquesDerrida
박경일,JacquesDerrida
박경일,JacquesDerrida
박경일,TEliot
박경일,RitaGross
박경일,KennethInada
박경일,NolanJacobson
박경일,JohnLechte
박경일,DavidLoy
박경일,BMatilal
박경일,LeemonMcHenry
박경일,ElaineMorgan
박경일,SteveOdin
박경일,EdwardRice
박경일,MadanSarup
박경일,FerdinanddeSaussure
박경일,StephanSchuhmacher
최석무,BillAshcroft
최석무,BillAshcroft
최석무,HomiBhabha
최석무,EllekeBoehmer
최석무,EmilyBronte
최석무,DavidCecil
최석무,JosephConrad
최석무,FrantzFanon
최석무,FrantzFanon
최석무,RodMengham
최석무,AshisNandy
최석무,EdwardSaid
최석무,EdwardSaid
최석무,JeanPaulSartre
최석무,ChrisTiffin
최석무,JonathanWhite
송상기,설준규
송상기,손관수
송상기,송상기
송상기,심미현
송상기,FrantzFanon
송상기,TerryEagleton
송상기,JohnBeverley
송상기,HoustonBaker
송상기,PaulBrown
송상기,SantiagoColas
송상기,GillesDeleuze
송상기,EnriqueDussel
송상기,RetamarFernandez
송상기,RetamarFernandez
송상기,JeanFranco
송상기,NestorCanclini
송상기,RobertoEchevarria
이상란,AArmstrong
이상란,IrvingBabbitt
이상란,HaroldBloom
이상란,Burnyeat
이상란,PeterButter
이상란,EConze
이상란,StuartCurran
이상란,PauldeMan
이상란,WilliamDrummon
이상란,JohnDrew
이상란,PeterFener
이상란,TerenceHogwood
이상란,DavidHume
이상란,CHuntington
이상란,NigelLeask
이상란,TMurti
이상란,AMomigliano
이상란,CKopf
이상란,CPulos
이상란,TilottamaRajan
이상란,HRawlinson
이상란,DonaldReiman
이상란,DRuegg
이상란,RaymondSchwab
이상란,AnneShealy
이상란,PercyShelley
이상란,TheodorStcherbasky
이상란,FrederickStreng
이상란,무사시타치카와
이상란,AndrewTuck
이상란,EarlWasserman
이상란,GuyWelbon
이상란,AWillson
이상란,KarenWiseman
김상률,AmiriBaraka
김상률,HomiBhabha
김상률,WilliamBlake
김상률,LawrenceBuell
김상률,AmieCesaire
김상률,WDuBois
김상률,WDuBois
김상률,RalphEllison
김상률,MichelFabre
김상률,FrantzFanon
김상률,MichelFoucault
김상률,HenryGates
김상률,DonaldGibson
김상률,AntonioGramsci
김상률,StuartHall
김상률,LindaHutcheon
김상률,ThomasJefferson
김상률,AmyKaplan
김상률,AmyKaplan
김상률,ManningMarable
김상률,ChandraMohanty
김상률,DonaldPease
김상률,EdwardSaid
김상률,GayatriSpivak
김상률,GayatriSpivak
김상률,CornelWest
김상률,RichardWright
김상률,RichardWright
노승희,고갑희
노승희,노승희
노승희,태혜숙
노승희,JudithButler
노승희,JudithButler
노승희,JudithButler
노승희,NancyChodorow
노승희,NancyChodorow
노승희,MaryDaly
노승희,SimonedeBeauvoir
노승희,TeresadeLauretis
노승희,SchulamithFirestone
노승희,DonnaHaraway
노승희,DonnaHaraway
노승희,HeidiHartmann
김영민,MargaretAtwood
김영민,MargaretAtwood
김영민,MikhailBakhtin
김영민,RobinBlaser
김영민,EBrown
김영민,EBrown
김영민,RussellBrown
김영민,FrankDavey
김영민,FrankDavey
김영민,FrankDavey
김영민,PauldeMan
김영민,PauldeMan
김영민,LouisDudek
김영민,NorthropFrye
김영민,NorthropFrye
김영민,NorthropFrye
김영민,LindaHutcheon
김영민,LindaHutcheon
김영민,LindaHutcheon
김영민,LindaHutcheon
김영민,DouglasJones
김영민,EliMandel
김영민,EliMandel
김영민,MarshallMcLuhan
김영민,MarshallMcLuhan
김영민,JohnMoss
김영민,CharlesOlson
김영민,LaurenceRicou
김영민,ASmith
김영민,ASmith
김영민,ASmith
김영민,PeterStevens
김영민,JohnSutherland
김영민,JohnSutherland
강진호,JacquesDerrida
강진호,RodolpheGasche
강진호,GHegel
강진호,ErnestoLaclau
강진호,JeanLucNancy
강진호,Sophocles
정현숙,JulietAsh
정현숙,DavidBond
정현숙,ChristopherBreward
정현숙,VickyCarnegy
정현숙,StevenConnor
정현숙,CarolineEvans
정현숙,GailFaurschou
정현숙,IhabHassan
정현숙,DickHebdige
정현숙,JacquelineHerald
정현숙,FredricJameson
정현숙,FredricJameson
정현숙,JeanLyotard
정현숙,RichardMartin
정현숙,CatherineMcDermott
정현숙,TedPolhemus
정현숙,ValerieSteele
정현숙,ElizabethWilson
장근영,PhilippaBerry
장근영,NaomiBurke
장근영,RosiBraidottie
장근영,JudithButler
장근영,JudithButler
장근영,JudithButler
장근영,SimonedeBeauvoir
장근영,PatriciaElliot
장근영,BruceFink
장근영,SigmundFreud
장근영,JaneGallop
장근영,LuceIrigaray
장근영,LuceIrigaray
장근영,LuceIrigaray
장근영,장근영
장근영,JacquesLacan
장근영,JacquesLacan
장근영,TamsinLorraine
장근영,KellyOliver
장근영,EllieRaglandSullivan
장근영,OfeliaSchutte
장근영,KajaSilverman
어도선,MBlack
어도선,WillardBohn
어도선,ChristineBookeRose
어도선,MarkBracher
어도선,MarkBracher
어도선,HughBredin
어도선,DylanEvans
어도선,RomanJakobson
어도선,JacquesLacan
어도선,JacquesLacan
어도선,JacquesLacan
어도선,JacquesLacan
어도선,JacquesLacan
어도선,DavidLeary
어도선,ChristianMetz
어도선,JeanLucNancy
어도선,EllieRaglandSullivan
어도선,IRichard
어도선,PaulRicoeur
어도선,DavidSimpson
어도선,RobertSternberg
어도선,AnthonyWilden
어도선,LindaWilliams
어도선,SlavojZizek
강석진,강석진
강석진,LindaAnderson
강석진,ChrisBaldick
강석진,PeterBrooks
강석진,PaulCantor
강석진,JosephConrad
강석진,PaulaFeldman
강석진,VivianeForrester
강석진,JerroldHogle
강석진,MargaretHomans
강석진,MaryJacobus
강석진,JosephKrestner
강석진,BarbaraJohnson
강석진,GeorgeLevine
강석진,MaryLoweEvans
강석진,AnneMellor
강석진,AnneMellor
강석진,NancyMiller
강석진,TorilMoi
강석진,BethNewman
강석진,MaryPoovey
강석진,MaryShelley
강석진,MaryShelley
강석진,JohannaSmith
강석진,GayatriSpivak
신문수,신문수
신문수,RolandBarthes
신문수,RolandBarthes
신문수,EmileBenveniste
신문수,RichardBradford
신문수,FernandBraudel
신문수,EBuyssens
신문수,JonathanCuller
신문수,TerryEagleton
신문수,VictorErlich
신문수,MichelFoucault
신문수,FGalan
신문수,FGalan
신문수,DavidHoldcroft
신문수,RomanJakobson
신문수,RomanJakobson
신문수,RomanJakobson
신문수,RomanJakobson
신문수,DerekAttridge
신문수,RichardBradford
신문수,FredricJameson
신문수,HenryKucera
신문수,CPeeters
신문수,EdwardSaid
신문수,FerdinanddeSaussure
신문수,RobertStrozier
신문수,PaulThibault
신경원,김형효
신경원,PhilippaBerry
신경원,JudithButler
신경원,HeleneCixous
신경원,JacquesDerrida
신경원,JacquesDerrida
신경원,JacquesDerrida
신경원,JacquesDerrida
신경원,RobertGraves
신경원,LuceIrigaray
신경원,LuceIrigaray
신경원,LuceIrigaray
신경원,LuceIrigaray
신경원,LuceIrigaray
신경원,LuceIrigaray
신경원,AliceJardine
신경원,FriedrichNietzsche
신경원,FriedrichNietzsche
신경원,KellyOliver
신경원,GayatriSpivak
신경원,GayatriSpivak
신경원,GayatriSpivak
신경원,MargaretWhitford
박상기,ChinuaAchebe
박상기,WalterBenjamin
박상기,HomiBhabha
박상기,JosephConrad
박상기,JacquesDerrida
박상기,FrantzFanon
박상기,JohnFrow
박상기,LindaHutcheon
박상기,FredricJameson
박상기,AbdulJanMohamed
박상기,JacquesLacan
박상기,JacquesLacan
박상기,JLaplanche
박상기,AnneMcClintock
박상기,TMacaulay
박상기,BartMooreGilbert
박상기,DennisPorter
박상기,JeanRhys
박상기,SalmanRushdie
박상기,EdwardSaid
박상기,SlavojZizek
김창현,AnnBanfield
김창현,MikhailBakhtin
김창현,JosephBeach
김창현,WayneBooth
김창현,SeymourChatman
김창현,DorritCohn
김창현,VictorErlich
김창현,GerardGenette
김창현,ErnestHemingway
김창현,JamesJoyce
김창현,GeofferyLeech
김창현,MalcolmLowry
김창현,PercyLubbock
김창현,WallaceMartin
김창현,BrianMcHale
김창현,NormanPage
김창현,RoyPascal
김창현,ShlomithRimmonKenan
김창현,FStanzel
이용은,고갑희
이용은,GillesDeleuze
이용은,WolfgangRath
이용은,이종영
이용은,CarolineAsp
이용은,CarrollCamden
이용은,MladenDolar
이용은,ShoshanaFelman
이용은,BruceFink
이용은,RichardHillman
이용은,RichardHorwich
이용은,MarieJaanus
이용은,RuthKelso
이용은,TeresadeLauretis
이용은,JacquesLacan
이용은,StephenOrgel
이용은,ChristopherPye
이용은,RenataSalecl
이용은,JeanPaulSartre
이용은,WilliamShakespeare
이용은,SusanSnyder
윤혜준,JosephAddison
윤혜준,AW
윤혜준,CatherineBates
윤혜준,FBateson
윤혜준,FBateson
윤혜준,WalterBenjamin
윤혜준,PierreBourdieu
윤혜준,EdwardCopleston
윤혜준,NeilCorcoran
윤혜준,JonathanCuller
윤혜준,JonathanCuller
윤혜준,JacquesDerrida
윤혜준,DonaldEddy
윤혜준,JohnGross
윤혜준,WalterHoughton
윤혜준,RobertIrwin
윤혜준,SamuelJohnson
윤혜준,DallasLiddle
윤혜준,SeanOBrien
윤혜준,JoanneShattock
윤혜준,JoanneShattock
윤혜준,JeremyTreglown
윤혜준,JohnWoolford
김준환,CharlesAltieri
김준환,RolandBarthes
김준환,ChristopherBeach
김준환,MichaelBenamou
김준환,WalterBenjamin
김준환,MichaelBernstein
김준환,RolandBush
김준환,RobertCasillo
김준환,EricCheyfitz
김준환,JamesClifford
김준환,EleanorCook
김준환,PaulDouglass
김준환,TEliot
김준환,TEliot
김준환,TEliot
김준환,TEliot
김준환,TEliot
김준환,TEliot
김준환,TEliot
김준환,ErnestFenollosa
김준환,PiersGray
김준환,StanleyHyman
김준환,AnthonyJulius
김준환,FrankKermode
김준환,RobertKern
김준환,CleoKearns
김준환,PhilipKuberski
김준환,EmmanuelLevinas
김준환,JamesLongenbach
김준환,JeanFrancoisLyotard
김준환,MarcManganaro
김준환,PerryMeisel
김준환,AndrewMiller
김준환,AMoody
김준환,MarjoriePerloff
김준환,GeorgePlimpton
김준환,EzraPound
김준환,EzraPound
김준환,EzraPound
김준환,EzraPound
김준환,EzraPound
김준환,EzraPound
김준환,EzraPound
김준환,EzraPound
김준환,EzraPound
김준환,자오밍쿠이언
김준환,ChristopherRicks
김준환,EdwardSaid
김준환,VinodSena
김준환,DavidSpurr
김준환,CarrollTerrell
김준환,MariannaTorgovnick
김준환,HarishTrivedi
김준환,밍시
김준환,RobertYoung
김준환,유병천
김일구,MariaAssad
김일구,JeanBaudrillard
김일구,MichaelBenedikt
김일구,JayBolter
김일구,JamesBono
김일구,ScottBukatman
김일구,JudithButler
김일구,ItaloCalvino
김일구,BruceClarke
김일구,BruceClarke
김일구,JonathanCuller
김일구,PauldeMan
김일구,AngusFletcher
김일구,PaulaGeyh
김일구,DonnaHaraway
김일구,DonnaHaraway
김일구,RandyHarris
김일구,HarriettHawkins
김일구,NHayles
김일구,NHayles
김일구,NHayles
김일구,ThomasKuhn
김일구,ChristopherLangton
김일구,BrunoLatour
김일구,BrunoLatour
김일구,JeanFrancoisLyotard
김일구,ThomasMcLaughlin
김일구,HansMoravec
김일구,DonaldPease
김일구,MichelSerres
김일구,MichelSerres
김일구,SherryTurkle
김일구,SherryTurkle
김일구,MarkTurner
강규한,JacquesDerrida
강규한,DwightEddins
강규한,CheryllGlotfelty
강규한,MollyHite
강규한,KathrynHume
강규한,GeorgeLevine
강규한,BrianMcHale
강규한,AlecMcHoul
강규한,EdwardMendelson
강규한,EdwardMendelson
강규한,ThomasMoore
강규한,ThomasPynchon
강규한,ThomasPynchon
강규한,ThomasPynchon
강규한,WilliamRueckert
강규한,ThomasSchaub
강규한,ThomasSchaub
강규한,ThomasSchaub
강규한,JesephSlade
강규한,StevenWeisenburger
조규형,WalterBenjamin
조규형,HomiBhabha
조규형,PaulCarter
조규형,JChamberlin
조규형,EricCheyfitz
조규형,PeterChilds
조규형,JohnCoetzee
조규형,DanielDefoe
조규형,JacquesDerrida
조규형,TerryEagleton
조규형,HelenGilbert
조규형,RobertHamner
조규형,ClaudeLeviStrauss
조규형,PauldeMan
조규형,MichaelMarais
조규형,MervynMorris
조규형,TejaswiniNiranjana
조규형,SalmanRushdie
조규형,EdwardSaid
조규형,SherrySimon
조규형,GayatriSpivak
조규형,GayatriSpivak
조규형,SueThomas
조규형,TzvetanTodorov
조규형,DerekWalcott
권택영,PaulBruss
권택영,DouglasFowler
권택영,SigmundFreud
권택영,GHyde
권택영,JacquesLacan
권택영,JacquesLacan
권택영,JacquesLacan
권택영,LLee
권택영,LarryMcCaffery
권택영,DonaldeMorton
권택영,VladimirNobokov
권택영,VladimirNobokov
권택영,VladimirNobokov
권택영,VladimirNobokov
권택영,ElizabethPower
권택영,JonThomson
권택영,FrederickWhiting
권택영,SlavojZizek
윤일환,JacquesDerrida
윤일환,ReneDescartes
윤일환,RodolpheGasche
윤일환,EmmanuelLevinas
윤일환,EmmanuelLevinas
윤일환,EmmanuelLevinas
윤일환,EmmanuelLevinas
고부응,고부응
고부응,안정효
고부응,이청준
고부응,정지영
고부응,임권택
고부응,장선우
고부응,최윤
고부응,BenedictAnderson
고부응,EtienneBalibar
고부응,HomiBhabha
고부응,WalterBenjamin
고부응,WalterBenjamin
고부응,ParthaChatterjee
고부응,FrantzFanon
고부응,JohnHutchinson
고부응,ErnestoLaclau
고부응,JohnRajchman
고부응,ErnestRenan
고부응,EdwardSaid
김상구,GeorgesBataille
김상구,GeorgesBataille
김상구,PhilipBeitchman
김상구,MauriceBlanchot
김상구,MauriceBlanchot
김상구,FredBotting
김상구,GeoffreyHarpham
김상구,LeslieHill
김상구,MaireKurrik
김상구,JacquesLacan
김상구,JacquesLacan
김상구,JosephLibertson
김상구,TzvetanTodorov
김상구,MaxWeber
이승렬,ChinuaAchebe
이승렬,LouisAlthusser
이승렬,JacquesDerrida
이승렬,AbdulJanMohamed
이승렬,BiodunJeyfo
이승렬,GeorgLukacs
이승렬,OnyemaechiUdumukwu
윤지관,PierreBourdieu
윤지관,SeanCubitt
윤지관,TerryEagleton
윤지관,FredricJameson
윤지관,FredricJameson
윤지관,StevenJones
윤지관,FLeavis
윤지관,DavidCornelius
윤지관,RaymondWilliams
윤지관,RaymondWilliams
윤지관,김상환
윤지관,김영희
윤지관,박성수
윤지관,백욱인
윤지관,윤지관
김종갑,PauldeMan
김종갑,MichaelRyan
김종갑,MAbrams
김종갑,Aristotle
김종갑,RichardBeardsworth
김종갑,MichaelClark
김종갑,PauldeMan
김종갑,PauldeMan
김종갑,PauldeMan
김종갑,JacquesDerrida
김종갑,MichelFoucault
김종갑,DavidGorman
김종갑,StephenGreenblatt
김종갑,MartinHeidegger
김종갑,WernerJaeger
김종갑,KarlMarx
김종갑,LouisMontrose
김종갑,EdwardSaid
김종갑,FerdinanddeSaussure
김종갑,SamuelWeber
김종갑,ReneWellek
김종갑,Wittgenstein
장시기,TheodorAdornor
장시기,AntoninArtaud
장시기,LawrenceCahoone
장시기,GillesDeleuze
장시기,GillesDeleuze
장시기,GillesDeleuze
장시기,GillesDeleuze
장시기,GillesDeleuze
장시기,JohnHoward
장시기,BryanReynolds
양석원,양석원
양석원,GwenBergner
양석원,GwenBergner
양석원,HomiBhabha
양석원,HomiBhabha
양석원,HomiBhabha
양석원,HomiBhabha
양석원,HomiBhabha
양석원,FrantzFanon
양석원,DianaFuss
양석원,HenryGates
양석원,LewisGordon
양석원,LewisGordon
양석원,StuartHall
양석원,AlexandreKojeve
양석원,JacquesLacan
양석원,JacquesLacan
양석원,JacquesLacan
양석원,AniaLoomba
양석원,OctaveMannoni
양석원,JockMcCulloch
양석원,AlbertMemmi
양석원,BartMooreGilbert
양석원,KajaSilverman
양석원,MauriceStevens
양석원,FrancoiseVerges
양석원,FrancoiseVerges
양석원,SamuelWeber
양석원,RobertYoung
이석구,이석구
이석구,이석구
이석구,KwameAppiah
이석구,HomiBhabha
이석구,JudithButler
이석구,PhengCheah
이석구,JacquesDerrida
이석구,JacquesDerrida
이석구,JacquesDerrida
이석구,JacquesDerrida
이석구,DianeElam
이석구,FrantzFanon
이석구,FrantzFanon
이석구,ErnestGellner
이석구,AniaLoomba
이석구,BartMooreGilbert
이석구,ChantalMouffe
이석구,LeslieRabine
이석구,BruceRobbins
이석구,EdwardSaid
이석구,NaomiSchor
이석구,GayatriSpivak
이석구,GayatriSpivak
이석구,GayatriSpivak
이석구,GayatriSpivak
이석구,GayatriSpivak
이석구,YaelTamir
이석구,RobertYoung
이경원,LeelaGandhi
이경원,권택영
이경원,김욱동
이경원,김욱동
이경원,박상기
이경원,윤지관
이경원,윤지관
이경원,이경원
이경원,이경원
이경원,이석구
이경원,정정호
이경원,조규형
이경원,ChinuaAchebe
이경원,AijazAhmad
이경원,AijazAhmad
이경원,AijazAhmad
이경원,BillAshcroft
이경원,GeoffreyBennington
이경원,HomiBhabha
이경원,EdwardBlyden
이경원,EdwardBlyden
이경원,AimeCesaire
이경원,ArifDirlik
이경원,WDuBois
이경원,SimonDuting
이경원,FrantzFanon
이경원,FrantzFanon
이경원,StuartHall
이경원,PeterHulme
이경원,LindaHutcheon
이경원,LindaHutcheon
이경원,AbdulJanMohamed
이경원,KetuKatrak
이경원,JeanFrancoisLyotard
이경원,AnneMcClintock
이경원,VijayMishra
이경원,BartMooreGilbert
이경원,VMudimbe
이경원,NgugiwaThiongo
이경원,GyanPrakash
이경원,JohnPress
이경원,CedricRobinson
이경원,EdwardSaid
이경원,EdwardSaid
이경원,EdwardSaid
이경원,EdwardSaid
이경원,EdwardSaid
이경원,LeopoldSenghor
이경원,EllaShohat
이경원,StevenSlemon
이경원,StevenSlemon
이경원,GayatriSpivak
이경원,GayatriSpivak
이경원,RobertYoung
김경한,김려수
김경한,김형효
김경한,양건열
김경한,오생근
김경한,오인석
김경한,윤평중
김경한,JeanBaudrillard
김경한,조동일
김경한,CaroleBlair
김경한,WilliamBouwsma
김경한,FritzCaspari
김경한,CarloCipolla
김경한,VincentDescombes
김경한,MichelFoucault
김경한,MichelFoucault
김경한,MichelFoucault
김경한,MichelFoucault
김경한,MichelFoucault
김경한,NancyFraser
김경한,FredricJameson
김경한,StephenKing
김경한,PKristeller
김경한,JillKraye
김경한,PeterLamarque
김경한,ClaudeLeviStrauss
김경한,LouisMontrose
김경한,ThomasMore
김경한,DennisMumby
김경한,BernardMurchland
김경한,CharlesNauert
김경한,DavidNorbrook
김경한,EugeneRice
김경한,JohnRowe
김경한,QuentinSkinner
김경한,KateSoper
김경한,RaymondWilliams